STATE,TOTAL_HOUSEHOLDS,TOTAL_ENERGY_CONSUMPTION,ENERGY_CONSUMPTION_PER_HOUSEHOLD,ENERGY_CONSUMPTION_PER_SQFT,TOTAL_ENERGY_EXPENDITURE,ENERGY_EXPENDITURE_PER_HOUSEHOLD,ENERGY_EXPENDITURE_PER_SQFT,STATE_CODE,Pct_INCOME_LESS_THAN_5K,Pct_INCOME_5K_7499,Pct_INCOME_7_5K_9999,Pct_INCOME_10K_12499,Pct_INCOME_12_5K_14999,Pct_INCOME_15K_19999,Pct_INCOME_20K_24999,Pct_INCOME_25K_29999,Pct_INCOME_30K_34999,Pct_INCOME_35K_39999,Pct_INCOME_40K_49999,Pct_INCOME_50K_59999,Pct_INCOME_60K_74999,Pct_INCOME_75K_99999,Pct_INCOME_100K_149999,Pct_INCOME_MORE_THAN_150K,INCOME_LESS_THAN_5K,INCOME_5K_7499,INCOME_7_5K_9999,INCOME_10K_12499,INCOME_12_5K_14999,INCOME_15K_19999,INCOME_20K_24999,INCOME_25K_29999,INCOME_30K_34999,INCOME_35K_39999,INCOME_40K_49999,INCOME_50K_59999,INCOME_60K_74999,INCOME_75K_99999,INCOME_100K_149999,INCOME_MORE_THAN_150K,Pct_USE_HEATER,Pct_DONT_USE_HEATER,Pct_MAIN_HEAT_AGE_0_2,Pct_MAIN_HEAT_AGE_2_4,Pct_MAIN_HEAT_AGE_5_9,Pct_MAIN_HEAT_AGE_10_14,Pct_MAIN_HEAT_AGE_15_19,Pct_MAIN_HEAT_AGE_OLDER_THAN_20,USE_HEATER,DONT_USE_HEATER,MAIN_HEAT_AGE_0_2,MAIN_HEAT_AGE_2_4,MAIN_HEAT_AGE_5_9,MAIN_HEAT_AGE_10_14,MAIN_HEAT_AGE_15_19,MAIN_HEAT_AGE_OLDER_THAN_20,CLIMATE_Cold,CLIMATE_Hot-Dry,CLIMATE_Hot-Humid,CLIMATE_Marine,CLIMATE_Mixed-Dry,CLIMATE_Mixed-Humid,CLIMATE_Very-Cold,URBAN_RURAL_Rural Area,URBAN_RURAL_Urban Area,URBAN_RURAL_Urban Cluster,REGION_MIDWEST,REGION_NORTHEAST,REGION_SOUTH,REGION_WEST,EFFICIENCY_SCORE
Colorado,2259860.9999997,197642644206.01,87457.88,43.74,3031692657.89,1341.54,0.67,CO,3.39,0.3,1.56,1.25,0.81,3.46,6.47,2.68,6.55,4.72,7.38,7.56,10.23,12.04,15.73,15.86,76501.0902265,6885.4952969,35149.8036193,28237.8094961,18199.8749611,78123.2418067,146310.3705296,60662.6366719,147954.7778826,106763.5314669,166870.967363,170921.0832111,231198.9229567,272143.9560091,355411.9968851,358525.4416171,99.1,0.9,9.93,10.49,22.45,19.45,12.45,24.33,2239538.8024835,20322.1975162,224300.9543084,237069.6944355,507424.5276533,439646.0078814,281347.7453423,549749.8728626,True,False,False,False,False,False,False,False,True,False,False,False,False,True,66.67
Utah,1039997.0000007,96702215230.21,92983.17,43.08,1712784996.01,1646.91,0.76,UT,1.7,1.03,1.29,1.22,0.53,1.68,6.59,2.03,6.86,6.74,4.69,8.14,12.14,13.3,20.35,11.72,17667.7163161,10722.949749,13384.36954,12683.0576582,5517.5005113,17430.3123397,68516.7065374,21078.0723635,71385.9204857,70106.7945488,48779.2867308,84611.9455306,126303.4349113,138290.1794714,211643.5547236,121875.1985833,100.0,0.0,11.44,15.33,24.83,20.5,13.79,14.12,1039997.0000007,0.0,119024.9811935,159386.30262,258184.7894309,213224.8934878,143380.3078749,146795.7253936,True,False,False,False,False,False,False,False,True,False,False,False,False,True,66.67
Idaho,656511.0000001,58546941967.69,89178.92,45.09,997973685.16,1520.12,0.77,ID,3.27,2.22,0.71,3.63,1.21,5.46,7.95,3.0,2.51,6.48,8.32,8.66,12.84,14.72,11.33,7.67,21481.9324257,14572.2541842,4664.0786752,23863.2797112,7953.2707183,35858.7614233,52181.6008959,19706.8779165,16495.9625501,42561.782318,54602.4885837,56884.4742339,84308.0117493,96663.2379076,74382.153057,50330.8336502,100.0,0.0,8.97,13.47,22.68,19.94,10.88,24.06,656511.0000001,0.0,58880.5856912,88436.6643557,148870.3632426,130906.1020621,71444.8901918,157972.3944567,True,False,False,False,False,False,False,True,False,False,False,False,False,True,33.33
Montana,433329.0000007,37971937354.84,87628.42,46.71,654717377.48,1510.9,0.81,MT,3.28,0.45,2.37,2.2,4.15,3.81,4.76,2.77,7.12,7.02,13.87,7.68,12.48,9.76,12.17,6.11,14226.7451434,1940.3176653,10261.0533293,9522.48595,17961.8093401,16522.3675795,20639.2535237,11994.3453397,30845.7132601,30428.0319929,60108.8877749,33301.2644141,54090.6194511,42296.7288807,52732.1943313,26457.1820246,100.0,0.0,12.14,14.74,19.97,19.99,11.79,21.38,433329.0000007,0.0,52597.0921123,63881.438409,86523.4467295,86625.0859475,51073.9624387,92627.9743637,True,False,False,False,False,False,False,True,False,False,False,False,False,True,33.33
North Dakota,315572.99999964,29750811521.99,94275.53,46.75,519931538.46,1647.58,0.82,ND,4.36,0.68,1.31,2.98,2.91,5.43,6.42,3.28,5.88,5.21,5.31,6.86,9.59,11.91,15.62,12.24,13774.47421768,2151.19564532,4144.5149278,9402.08262398,9186.50592963,17125.20171284,20245.34614025,10363.65634317,18540.55075045,16434.31532048,16763.48597214,21661.71547752,30265.66324053,37576.84107514,49295.63850384,38641.81211887,99.01,0.99,8.77,11.83,25.62,17.96,13.09,21.74,312445.42348904,3127.5765106,27675.8823177,37342.97788266,80851.08335866,56671.56625436,41297.55861058,68606.35506508,False,False,False,False,False,False,True,True,False,False,True,False,False,False,16.67
Nebraska,765200.9999992,67610559567.03,88356.6,45.76,1213976741.98,1586.48,0.82,NE,0.97,1.28,2.81,2.26,2.36,4.75,6.51,2.17,5.88,6.83,4.89,8.66,14.12,10.16,14.3,12.07,7397.5618922,9765.2490977,21467.9076871,17296.9820719,18084.3782018,36371.3212229,49831.7023127,16610.0018763,44999.2496371,52256.5336528,37413.7551916,66228.8439526,108010.5704853,77731.7110671,109396.5749135,92338.6567366,99.35,0.65,9.48,8.24,17.76,25.71,18.7,19.46,760191.0997093,5009.9002899,72546.2568508,63046.5064388,135864.1423218,196767.4210385,143089.6762718,148877.0967876,True,False,False,False,False,False,False,False,False,True,True,False,False,False,50.0
South Dakota,346424.99999969,30182648713.13,87126.07,42.37,592074420.71,1709.1,0.83,SD,1.61,2.12,1.07,3.74,2.56,2.44,4.23,4.36,4.57,4.48,10.74,9.1,10.02,11.33,17.14,10.49,5562.4957814,7361.0291199,3723.8127344,12960.1162686,8860.9285659,8436.6893964,14658.5435599,15087.8389174,15832.8334901,15533.140179,37210.689065,31513.5081287,34719.70633609,39248.225208,59377.1308439,36338.312405,97.99,2.01,11.45,10.61,23.0,21.08,9.22,22.61,339455.69618069,6969.303819,39678.11663089,36761.8498599,79684.864603,73039.4228129,31950.220422,78341.221852,True,False,False,False,False,False,False,True,False,False,True,False,False,False,66.67
Wisconsin,2388876.0000004,218687018178.9,91543.9,44.28,4249968950.35,1779.07,0.86,WI,4.53,0.97,0.63,3.05,2.05,2.1,6.61,5.86,3.79,3.43,11.34,9.27,10.89,12.56,12.73,10.19,108328.2938194,23256.3505118,15077.5862069,72911.9339806,48898.3707184,50096.5771634,157849.0783837,139978.3563758,90631.4619337,81975.4839011,270786.1170175,221392.4394232,260036.3886924,300040.4456748,304084.7500416,243532.3661561,99.34,0.66,8.37,11.07,18.44,23.27,13.05,25.14,2373116.330212,15759.6697884,199973.1224232,264486.8176192,440568.9576838,555868.3312029,311719.4069218,600499.6943611,True,False,False,False,False,False,False,False,True,False,True,False,False,False,66.67
Washington,2939032.0000032,197156986723.61,67082.29,40.08,4296041343.73,1461.72,0.87,WA,4.2,0.73,1.41,2.35,2.66,2.54,3.25,4.18,4.97,4.55,8.32,8.47,9.44,14.48,11.64,16.81,123583.7253761,21397.1747621,41491.5042423,68960.4049102,78170.8702952,74715.0907704,95537.8207109,122814.9974951,145995.385954,133703.0022555,244457.9818276,249059.9680671,277359.5187482,425642.4354542,342130.8756838,494011.2434505,97.62,2.38,11.33,15.6,21.11,16.81,10.08,22.68,2869052.7117512,69979.288252,332949.4531226,458402.427571,620495.6524783,494188.5558108,296329.6637096,666686.9590589,True,False,False,False,False,False,False,False,True,False,False,False,False,True,66.67
Iowa,1281948.0000002,126859350004.92,98958.27,47.02,2376233663.48,1853.61,0.88,IA,0.52,1.96,2.3,3.2,2.01,4.54,6.25,4.87,5.33,5.5,8.52,10.32,10.47,11.22,13.18,9.81,6699.9640877,25083.5575459,29518.1232112,41020.7980631,25706.9844636,58141.2630599,80151.2093871,62444.7540398,68384.1815056,70492.4705735,109188.2850058,132240.3693873,134231.7203653,143894.9254738,169005.5424667,125743.8513639,100.0,0.0,9.97,11.71,20.97,22.49,13.97,20.89,1281948.0000002,0.0,127816.4533249,150166.7066735,268884.6996868,288266.4156744,179060.023901,267753.7007396,True,False,False,False,False,False,False,True,False,False,True,False,False,False,33.33
New Mexico,787053.0000001,60556965931.92,76941.41,46.0,1174063806.94,1491.72,0.89,NM,2.54,1.97,2.43,5.58,3.9,3.44,3.15,7.75,4.92,7.16,5.79,8.14,11.29,9.86,12.52,9.54,20027.7260307,15484.6234328,19160.4818664,43909.8808145,30694.9367932,27084.5793673,24815.0265749,60965.8093462,38717.4636457,56380.5556027,45560.2832588,64100.668798,88891.9637614,77581.7323711,98555.7739978,75121.4943386,100.0,0.0,10.03,15.77,23.14,19.56,13.74,17.75,787053.0000001,0.0,78977.0936499,124124.1016872,182142.4553916,153936.0956596,108137.0896671,139736.1639447,False,False,False,False,True,False,False,False,True,False,False,False,False,True,0.0
Illinois,4900521.0000008,486724450619.18,99320.96,51.61,8430367420.19,1720.3,0.89,IL,3.96,2.04,2.09,1.19,2.37,2.92,3.73,5.69,3.1,5.22,6.24,6.67,8.6,14.5,16.69,15.0,194272.8861421,100092.6170829,102545.5253079,58321.7132711,116042.4367433,142953.2966257,182742.7153942,278917.126917,151707.1677296,255774.2744985,305601.5819078,326674.5781541,421253.5315807,710814.183065,817898.5436382,734908.8219427,99.13,0.87,10.27,11.9,23.43,20.37,10.68,22.47,4857743.5940977,42777.4059031,503424.6485253,582994.136525,1148290.7770186,998297.2116425,523465.807104,1101271.0132823,True,False,False,False,False,False,False,False,True,False,True,False,False,False,50.0
Tennessee,2657514.0002771,194072962251.42,73028.01,37.51,4674461225.07,1758.96,0.9,TN,3.46,2.91,1.5,4.46,2.36,3.99,7.38,3.01,5.68,4.6,8.13,9.3,14.18,11.11,10.73,7.2,91999.4687946,77294.4138891,39970.6453126,118413.2462814,62653.7805928,106088.8472341,196093.83629,80019.1128973,150952.047156,122187.3229311,216160.8819845,247281.4554887,376770.8044066,295226.4038447,285050.5459759,191351.1871977,99.45,0.55,15.52,19.8,25.68,15.94,11.07,11.44,2642793.9671232,14720.0331539,412435.7682008,526158.2025913,682497.7221348,423602.1524802,294155.879006,303944.2427101,False,False,False,False,False,True,False,False,True,False,False,False,True,False,33.33
Delaware,380453.9999999,27386711576.12,71984.29,34.46,726846569.73,1910.47,0.91,DE,1.68,1.54,1.12,0.84,2.58,2.6,6.76,4.12,5.28,2.18,9.82,5.06,9.44,14.47,19.92,12.59,6373.9188747,5863.7810134,4255.2807732,3208.578511,9830.2656318,9885.1059444,25718.1849819,15689.2488918,20072.2515851,8305.3320194,37360.1431469,19253.8560757,35899.2386872,55059.101315,75782.4450697,47897.2674787,99.29,0.71,10.8,22.37,23.41,20.92,9.34,12.44,377744.0771403,2709.9228596,41086.4097482,85121.5967597,89046.0476871,79606.0198553,35539.5432933,47344.4597967,False,False,False,False,False,True,False,False,False,True,False,False,True,False,66.67
North Carolina,4012738.9999972,251571629090.85,62693.24,32.98,6946279558.27,1731.06,0.91,NC,3.16,1.26,1.62,2.7,1.58,4.29,7.48,2.52,7.16,4.48,11.69,8.82,9.73,10.96,12.06,10.47,126734.407799,50657.134409,65188.0189918,108263.2857208,63495.5752232,172044.3699379,300253.8110399,101111.1857319,287454.7302118,179779.1246872,469105.3376919,353911.686038,390617.8837999,439794.8404449,484068.5072584,420259.1010116,98.94,1.06,11.5,15.82,27.2,17.49,14.75,12.18,3970133.7672893,42605.2327079,461270.404098,634617.9811175,1091637.0855298,701772.4308864,591969.0521132,488866.8135444,False,False,False,False,False,True,False,False,True,False,False,False,True,False,66.67
Minnesota,2229782.9999991,223660992018.08,100306.17,50.31,4087779909.82,1833.26,0.92,MN,1.39,1.86,1.16,3.04,1.6,2.06,3.08,4.33,3.51,2.46,8.0,5.5,14.6,14.24,17.74,15.46,30953.6988219,41366.7775535,25908.3966942,67761.5779957,35573.5216648,45892.9437919,68687.3979921,96579.0127683,78160.223664,54813.2565015,178275.9021553,122681.557679,325505.2175588,317410.8507613,395566.601552,344646.0628448,100.0,0.0,6.04,9.72,25.59,21.51,14.38,22.76,2229782.9999991,0.0,134772.7563757,216750.1741031,570517.3910997,479622.1907675,320590.8759201,507529.611733,False,False,False,False,False,False,True,True,False,False,True,False,False,False,16.67
Ohio,4739000.9999868,443555963698.78,93596.93,46.49,8752718908.98,1846.95,0.92,OH,4.74,2.72,1.37,1.87,3.74,4.92,5.91,6.14,4.2,5.08,5.01,9.35,10.36,12.48,10.96,11.14,224758.608647,128956.660846,64827.959595,88790.596041,177113.075781,233229.2372476,280300.6659565,291106.930955,198831.887496,240570.2410231,237630.3718724,442877.7848536,491137.2092769,591509.8267698,519446.622524,527913.3211019,99.5,0.5,10.87,13.51,22.42,17.68,16.25,18.77,4715436.4683148,23564.531672,515234.0736159,640127.69324,1062553.3968292,837841.8663364,770055.1541613,889624.284132,True,False,False,False,False,False,False,True,False,False,True,False,False,False,50.0
Missouri,2429812.9999985,215752243411.1,88793.76,43.47,4639607129.57,1909.45,0.93,MO,2.72,0.96,3.62,3.53,2.73,5.48,3.39,4.15,6.16,4.88,9.38,9.22,8.89,12.53,12.52,9.85,66046.2979601,23328.8972272,87917.9419962,85681.7427149,66354.1304542,133258.5378259,82288.180007,100948.9831551,149726.327759,118585.1785526,227797.1534364,224064.8206084,215976.488937,304395.8317708,304097.1134118,239345.3741819,99.37,0.63,10.71,12.02,25.43,22.81,14.36,14.04,2414469.9628705,15343.037128,260274.0630094,292101.7963461,617877.9597349,554138.0542831,348986.743423,341091.346074,False,False,False,False,False,True,False,False,True,False,True,False,False,False,33.33
Wyoming,226146.00000045,22303187078.05,98622.96,52.08,407562818.29,1802.21,0.95,WY,4.33,0.89,0.88,2.86,0.0,2.82,4.55,5.68,8.2,1.82,10.2,11.27,13.34,9.84,15.55,7.78,9781.99034789,2013.38420446,1990.8846157,6467.64835569,0.0,6377.6067253,10297.15720886,12837.39941121,18551.2822666,4106.2600104,23067.53192681,25487.33294627,30163.4346933,22254.63457187,35157.12973882,17592.32297727,100.0,0.0,7.64,13.62,26.89,23.94,7.8,20.12,226146.00000045,0.0,17275.88851075,30798.91547039,60799.74267064,54131.9930402,17642.17033374,45497.28997473,True,False,False,False,False,False,False,False,False,True,False,False,False,True,33.33
Oregon,1654154.0000003,111461731810.2,67382.92,39.62,2716254718.61,1642.08,0.97,OR,3.98,0.91,1.6,2.65,2.12,3.0,6.35,3.59,3.25,5.71,8.63,10.22,8.52,12.7,17.13,9.64,65831.1843647,15084.717014,26498.1842356,43791.5729863,35016.2145521,49569.5037739,105063.2305381,59383.6532729,53800.5142655,94475.0397105,142681.0489479,169049.0214484,140978.01349,210002.2292681,283397.1154276,159532.7567047,98.39,1.61,12.87,9.08,22.29,20.77,12.12,21.26,1627528.4535325,26625.5464678,212924.2326398,150243.7048569,368721.0881525,343533.3884666,200468.9797889,351637.0596278,False,False,False,True,False,False,False,False,True,False,False,False,False,True,16.67
Kentucky,1738263.0002599,129604076722.45,74559.53,39.0,3213302259.28,1848.57,0.97,KY,3.46,1.69,1.97,3.03,2.68,4.61,4.56,5.72,6.33,5.34,6.71,10.39,10.44,13.96,12.32,6.78,60098.9984637,29370.6959064,34298.2298433,52702.231806,46566.5609292,80199.4377839,79305.5570759,99449.8354916,110092.7399866,92900.499936,116626.2065808,180560.5341986,181443.5351264,242618.2807736,214176.0710436,117853.5853143,99.42,0.58,14.59,13.42,26.59,20.09,10.96,13.78,1728230.5932912,10032.4069687,253631.2683074,233214.7439826,462199.4745854,349285.0660714,190453.6903972,239446.3499472,False,False,False,False,False,True,False,False,False,True,False,False,True,False,33.33
Maryland,2281334.9999995,171190707726.94,75039.71,37.75,4390215459.29,1924.41,0.97,MD,2.99,2.34,2.51,1.72,0.88,2.15,1.55,1.77,5.16,2.02,6.81,5.98,6.63,14.82,17.28,25.4,68168.2216535,53412.6257212,57344.7939125,39339.7617226,20039.0452017,48954.1419244,35343.3319298,40326.188669,117651.6472542,46053.9953953,155287.1702044,136413.1572707,151365.3213765,338096.3439364,394106.3251302,579432.9286971,98.11,1.89,11.3,10.95,21.98,17.37,14.76,21.74,2238150.415084,43184.5849155,257875.992081,249842.0729511,501437.6889208,396232.5739319,336769.9507494,495992.1364498,False,False,False,False,False,True,False,False,True,False,False,False,True,False,66.67
Louisiana,1727225.9999995,117043829257.69,67764.05,38.88,2943693331.58,1704.29,0.98,LA,5.97,1.47,1.4,5.0,3.71,4.72,4.99,4.23,7.35,6.05,7.87,9.07,13.09,7.14,10.74,7.21,103073.3295029,25382.5755205,24107.8157755,86357.8463294,64061.052683,81484.0586618,86235.3232611,73073.3791281,127007.9872776,104448.7898007,135979.4262338,156590.0253789,226076.2961665,123358.2549381,185467.5480767,124522.2912649,97.02,2.98,15.2,13.99,26.44,19.27,11.16,10.95,1675698.1222872,51527.8777123,262576.828065,241695.2306639,456690.3763229,332837.9923557,192760.1650463,189137.5298334,False,False,True,False,False,False,False,False,True,False,False,False,True,False,16.67
Kansas,1127072.0000002,101922743293.15,90431.44,46.26,2235965851.38,1983.87,1.01,KS,5.46,0.5,3.24,1.67,4.51,3.08,7.01,4.85,3.68,2.16,7.82,9.28,8.59,10.78,14.31,13.07,61556.4167282,5590.7015569,36490.5716111,18778.4607242,50859.1008003,34753.2678753,78962.6955436,54647.7673133,41493.9754356,24377.0066743,88102.8277875,104562.6601746,96850.7861984,121479.4454305,161236.5586194,147329.757527,100.0,0.0,14.68,12.21,23.89,23.92,10.74,14.57,1127072.0000002,0.0,165437.8463652,137583.4688214,269203.342097,269643.4056013,120994.6413716,164209.2957437,False,False,False,False,False,True,False,False,False,True,True,False,False,False,33.33
District of Columbia,316453.00000046,16037780931.7,50679.82,42.73,378989902.9,1197.62,1.01,DC,6.86,0.75,2.66,0.92,1.72,2.15,3.18,5.19,3.88,1.23,4.74,2.94,7.95,10.19,13.99,31.65,21702.68388471,2372.8679823,8428.4851619,2910.7738326,5444.9148989,6814.9352756,10061.35152687,16430.3073218,12284.82854437,3877.3061391,15013.0547034,9304.34873705,25143.15056157,32238.91087982,44263.91286357,100161.1676869,97.98,2.02,6.35,10.97,19.84,18.34,11.76,30.71,310071.77224936,6381.2277511,20108.62051904,34724.85185309,62793.04796492,58045.81326838,37211.08205749,97188.35658644,False,False,False,False,False,True,False,False,True,False,False,False,True,False,66.67
Pennsylvania,5128399.9999964,459112165532.91,89523.47,44.96,10333018341.76,2014.86,1.01,PA,1.76,1.67,3.28,1.87,2.74,3.79,4.81,3.38,4.63,3.84,7.47,8.84,12.54,12.66,13.29,13.42,90481.6331701,85453.1118091,168158.9085247,95743.9466592,140594.449379,194385.7836627,246768.727598,173592.3822422,237586.021242,196987.5107342,383025.502205,453202.9024097,643325.8078982,649113.6144266,681698.5002822,688281.1977535,99.85,0.15,5.76,14.2,18.93,18.73,12.38,29.84,5120497.3617264,7902.63827,295206.6572115,728190.097069,970944.0793987,960715.0606215,635032.6938277,1530408.773598,True,False,False,False,False,False,False,False,True,False,False,True,False,False,66.67
Mississippi,1084534.0000645,76912245758.75,70917.32,38.33,2047025612.64,1887.47,1.02,MS,3.32,2.35,2.36,8.29,1.52,6.61,7.61,5.31,8.12,4.3,8.83,8.0,10.9,9.33,7.62,5.53,35955.9465899,25473.6484472,25582.6415779,89943.6573125,16520.8364207,71657.6015189,82563.0064931,57569.7261942,88074.4323461,46649.6626451,95794.7335321,86779.7290941,118181.0108733,101208.4495515,82632.3353017,59946.5821662,99.56,0.44,17.38,12.72,18.99,18.39,14.27,17.82,1079787.5683114,4746.4317531,188449.2060533,137992.5150871,205913.3056622,199445.4586253,154717.0603531,193270.0225304,False,False,False,False,False,True,False,False,False,True,False,False,True,False,33.33
Florida,8062163.9999996,408309479785.11,50645.15,31.2,13338487743.38,1654.46,1.02,FL,3.04,2.05,1.15,1.52,1.59,3.47,5.14,5.64,5.68,5.77,8.57,10.12,10.58,11.01,11.62,13.06,244868.9684485,165673.3197585,92848.978949,122570.6491013,128206.4754101,279776.3329806,414310.3524736,455044.3439444,457687.9106401,464847.8832396,691009.5727273,815599.6319165,852690.4422296,887252.2189583,937185.0980827,1052591.8211395,71.94,28.06,14.34,13.79,19.04,13.19,6.86,4.72,5799911.2304313,2262252.7695683,1156102.3272263,1112116.388512,1535191.8764835,1063433.6856609,552702.0037255,380364.9488231,False,False,True,False,False,False,False,False,False,True,False,False,True,False,50.0
Virginia,3242013.9999995,243903418489.86,75232.07,37.88,6560194438.19,2023.49,1.02,VA,1.56,1.47,1.7,2.7,1.64,2.34,5.08,5.13,3.29,4.19,7.07,8.72,10.33,10.59,19.01,15.17,50626.9470625,47609.9372433,55074.2893668,87507.6823595,53299.2588125,75780.0486194,164641.7454703,166367.1735608,106809.876076,135939.6552006,229065.8817022,282717.3559817,334926.4558512,343482.8897709,616466.0953299,491698.7075919,99.77,0.23,8.8,18.46,25.61,19.68,10.09,17.12,3234488.5209766,7525.4790229,285377.8098676,598418.7583957,830292.8228337,638122.1779607,327258.2658601,555018.6860588,False,False,False,False,False,True,False,False,True,False,False,False,True,False,50.0
West Virginia,696161.0000002,57185405617.21,82143.94,43.43,1375470247.32,1975.79,1.04,WV,4.62,2.42,2.94,3.75,3.4,6.23,7.55,11.72,5.21,5.42,6.92,7.46,6.63,12.39,8.21,5.14,32184.2501808,16842.9928298,20448.6076741,26078.7587792,23690.0240417,43381.1683823,52529.5333836,81613.7087868,36284.4812236,37737.5156848,48147.7767171,51910.023198,46129.9614993,86282.0644041,57139.040056,35761.093159,99.43,0.57,10.41,12.28,23.22,20.51,17.38,15.64,692224.8628701,3936.1371301,72454.1586431,85486.4874225,161645.8958745,142759.2265252,120966.1160532,108912.9783516,True,False,False,False,False,False,False,True,False,False,False,False,True,False,50.0
Texas,10255403.0000072,679396313861.16,66247.65,38.2,18461864582.55,1800.21,1.04,TX,5.66,1.93,1.86,2.62,1.77,2.93,4.77,6.37,6.12,5.32,6.32,9.72,10.09,11.4,10.23,12.89,580430.220966,198022.7375927,190907.0814287,268330.6927544,181174.7548608,300328.9041149,489650.8700428,653619.0234361,627220.4292944,545948.5696527,648008.7954576,996682.051629,1035041.7760818,1169593.6131957,1048670.4954411,1321772.9840585,95.72,4.28,14.47,19.07,25.43,16.08,10.64,10.04,9816916.7906202,438486.209387,1483450.3285516,1956048.1711498,2607806.2810283,1648992.8839205,1090701.8484847,1029917.2774853,False,False,True,False,False,False,False,False,True,False,False,False,True,False,33.33
Indiana,2599596.9999959,250111637938.22,96211.7,47.61,5488433464.43,2111.26,1.04,IN,2.99,2.16,0.83,2.72,3.75,4.0,4.37,5.99,5.43,6.05,8.11,7.87,13.01,12.7,11.04,8.98,77680.9556846,56162.4200498,21688.5481939,70603.2411367,97575.5173549,103958.1079707,113622.4755172,155669.6895675,141205.4973925,157313.8850769,210817.5364295,204610.8744477,338284.0267332,330027.5973006,287009.6025354,233367.0246048,99.6,0.4,9.97,15.16,26.74,18.91,9.13,19.69,2589169.8891475,10427.1108484,259189.9137688,394136.3526068,695155.7675544,491634.9854917,237222.9519761,511829.9177497,False,False,False,False,False,True,False,False,False,True,True,False,False,False,16.67
Oklahoma,1492833.0000003,126275829594.15,84588.05,48.9,2691015423.9,1802.62,1.04,OK,3.05,1.5,0.91,3.36,3.0,4.55,5.96,9.35,7.41,5.6,10.12,8.96,10.89,8.0,8.65,8.68,45458.1649415,22342.6287283,13608.8974031,50191.865035,44779.3095132,67960.5794233,88983.4474517,139507.9717231,110647.7133096,83663.693946,151111.544283,133699.4582749,162614.796439,119478.2762518,129156.8769231,129627.7763537,96.72,3.28,8.25,18.34,21.99,25.23,9.87,13.04,1443913.6374843,48919.362516,123127.3661216,273825.3790455,328261.1044155,376678.1436112,147413.7378244,194607.9064661,False,False,False,False,False,True,False,False,True,False,False,False,True,False,16.67
Nevada,1139409.0000005,87410469471.38,76715.62,47.53,1925310900.06,1689.75,1.05,NV,3.99,1.16,0.32,2.37,0.54,4.55,4.8,4.51,5.98,6.08,8.99,9.9,14.57,15.4,9.12,7.72,45418.6018299,13197.4624267,3690.3237896,27022.4045339,6180.7558944,51898.0861282,54688.9405788,51402.4599684,68120.7529484,69242.1479761,102389.9182169,112786.9104556,166003.9975222,175429.2503411,103923.0773111,88013.9100792,96.66,3.34,6.98,13.07,19.73,17.62,11.71,27.56,1101297.3420342,38111.6579663,79525.860033,148878.7353005,224770.0169111,200738.5004691,133373.5397656,314010.6895549,False,True,False,False,False,False,False,False,True,False,False,False,False,True,0.0
South Carolina,1970536.0,121566547783.04,61692.12,34.85,3779896744.8,1918.21,1.08,SC,2.66,1.67,1.22,4.25,3.45,4.09,5.08,7.89,5.91,5.08,10.58,7.78,7.1,12.26,11.47,9.5,52372.942822,32975.9784973,24097.4804434,83675.9639509,68060.6408893,80592.0415932,100122.6708003,155427.0324457,116422.5957179,100173.6666566,208476.8139341,153212.2028069,139962.5412795,241663.09483,226001.6113506,187298.7219823,98.08,1.92,12.62,17.8,27.33,18.4,11.26,10.67,1932776.2157535,37759.7842465,248677.0616777,350813.8463947,538604.7545138,362638.0032233,221827.1761903,210215.3737537,False,False,False,False,False,True,False,False,True,False,False,False,True,False,50.0
Arkansas,1143631.9999998,86546232373.09,75676.64,42.26,2203200571.54,1926.49,1.08,AR,6.06,0.85,1.89,3.37,4.06,6.36,8.32,9.24,7.15,7.79,7.02,6.7,8.25,7.78,6.84,8.33,69314.478413,9701.7686578,21573.5611969,38565.4036088,46378.8066507,72762.4479725,95120.5322563,105694.2033478,81788.6101389,89034.7789599,80258.9739261,76618.7695353,94371.8248939,89013.6687464,78176.4545783,95257.7171172,98.0,2.0,16.42,14.01,22.86,17.38,13.59,13.74,1120735.3998462,22896.6001536,187727.3823811,160219.3794528,261396.7313771,198796.7158696,155441.0801675,157154.1105981,False,False,False,False,False,True,False,False,True,False,False,False,True,False,33.33
Michigan,3918917.0000019,424380224410.8,108290.18,53.34,8592247453.38,2192.51,1.08,MI,5.52,0.84,1.17,1.84,2.06,2.31,3.72,6.3,5.65,5.42,8.99,7.98,11.51,13.67,13.54,9.48,216512.0593849,32956.130015,45759.1773124,71921.826073,80714.4923306,90629.2991513,145851.4531462,246757.5767576,221363.7483813,212579.6560371,352248.8320967,312789.3689743,450912.7468352,535577.8791857,530705.5278871,371637.2264335,100.0,0.0,8.8,14.53,22.4,20.23,12.7,21.34,3918917.0000019,0.0,344673.4197424,569512.8529553,877956.9920851,792908.7724792,497532.8354314,836332.1273085,True,False,False,False,False,False,False,False,True,False,True,False,False,False,33.33
New Jersey,3393982.9999994,349285662074.37,102913.2,54.96,6904851138.52,2034.44,1.09,NJ,1.94,1.4,1.26,2.74,2.14,2.04,4.32,2.26,6.05,2.18,7.29,6.76,7.56,11.29,16.28,24.48,65715.5164845,47448.538564,42932.1287246,93128.0383873,72781.6401248,69385.5471545,146577.5168443,76625.2638271,205231.7644426,74095.4002814,247549.6176595,229321.9067993,256422.0373863,383253.4128652,552550.2859569,830964.3844971,99.5,0.5,6.23,10.36,20.41,19.95,13.37,29.17,3377003.4661226,16979.5338768,211531.9144786,351515.2741535,692836.1102528,677211.3174553,453875.2832857,990033.5664967,False,False,False,False,False,True,False,False,True,False,False,True,False,False,50.0
California,13180885.9999957,707497300206.61,53676.0,35.68,21833628561.97,1656.46,1.1,CA,2.92,1.34,1.74,2.46,1.89,3.11,4.75,4.6,5.02,3.71,5.84,8.15,8.66,12.37,15.58,17.85,384868.6970943,176573.0645557,228739.4177207,324110.0087612,249094.344709,410364.6905494,626669.9536221,605881.8166621,662248.031775,488587.7538401,770133.8451741,1074884.5254665,1141546.333348,1630810.9345145,2053237.1494213,2353135.4327817,87.79,12.21,8.36,12.64,16.5,15.3,11.54,23.44,11571255.1447667,1609630.855229,1101605.1737559,1666666.1976193,2175258.5941042,2016784.8369505,1521303.0385473,3089637.3037895,False,True,False,False,False,False,False,False,True,False,False,False,False,True,33.33
Georgia,3881405.0000088,286745320418.46,73876.68,37.42,8463100264.11,2180.42,1.1,GA,5.31,1.69,1.91,2.64,4.25,2.61,4.75,5.12,4.83,4.45,10.35,5.78,12.25,10.04,13.5,10.52,206032.6953934,65630.1104306,74237.6007753,102316.9380648,164818.2953864,101417.1273555,184232.3189548,198921.4008297,187346.6325589,172754.5836641,401772.6126704,224309.3877708,475641.5377021,389670.4893209,524007.7998977,408295.4692334,98.52,1.48,18.05,18.52,23.11,16.21,12.54,10.1,3824068.1751954,57336.8248134,700683.0273276,718648.7625039,896926.7276765,629115.1114459,486858.8007309,391835.7455106,False,False,False,False,False,True,False,True,False,False,False,False,True,False,50.0
Arizona,2675608.0000025,166216060793.23,62122.73,36.27,5335369394.66,1994.08,1.16,AZ,3.64,0.9,0.59,2.39,1.24,2.96,4.86,3.18,6.78,6.51,9.0,10.02,13.6,12.25,12.2,9.87,97281.3139114,23976.0420776,15763.9439845,63890.8744906,33231.8025483,79208.583912,130082.1438001,85037.7218376,181431.8322384,174148.841715,240825.9800754,268209.9592663,363889.0410775,327887.8985454,326530.685524,264211.3349984,90.43,9.57,14.31,17.45,21.31,14.76,10.79,11.8,2419621.2200983,255986.7799042,382942.0053598,467008.3409101,570277.1990528,394972.4908115,288739.0242193,315682.1597448,False,True,False,False,False,False,False,False,True,False,False,False,False,True,16.67
Maine,564534.9999994,50123930408.81,88787.99,44.64,1300971658.16,2304.5,1.16,ME,1.56,0.63,2.82,3.4,2.81,2.79,4.82,6.8,3.37,6.15,4.36,7.33,16.06,14.06,13.7,9.35,8807.4472756,3584.5518576,15896.4240938,19220.052433,15865.0565505,15758.1823106,27238.5853275,38363.7673861,19010.7877587,34709.4885312,24590.5208086,41357.3662504,90672.7411172,79348.0817143,77351.6704178,52760.2761665,100.0,0.0,8.22,10.02,17.1,21.23,14.93,28.5,564534.9999994,0.0,46403.3802209,56559.2579094,96562.8887117,119855.1554383,84276.4947344,160877.8229847,True,False,False,False,False,False,False,True,False,False,False,True,False,False,50.0
Alabama,1900406.0001634,122430519450.84,64423.35,36.48,3956900996.19,2082.13,1.18,AL,5.98,2.35,3.14,5.57,2.24,6.3,7.4,5.43,8.22,3.56,11.44,6.65,8.84,10.02,5.33,7.54,113618.118389,44579.5826978,59609.4387604,105861.7290228,42582.282206,119740.7064355,140619.9934297,103242.1690524,156267.4490593,67706.8067642,217470.4795233,126311.4128547,167944.9252705,190329.2696368,101278.3705966,143243.2664644,98.92,1.08,14.69,16.68,27.79,17.58,9.95,12.23,1879804.248641,20601.7515224,279189.9887779,317059.423802,528050.5419628,334143.7682651,188997.4060396,232363.1197936,False,False,False,False,False,True,False,False,True,False,False,False,True,False,33.33
New Hampshire,538443.0000002,49047551164.92,91091.45,43.32,1362319713.42,2530.11,1.2,NH,0.65,1.51,2.72,1.96,0.0,8.06,4.41,1.16,2.57,3.66,3.91,6.01,7.12,16.45,23.11,16.68,3521.4867377,8112.7167528,14667.8915786,10572.077358,0.0,43393.2585245,23744.9101268,6252.1373855,13859.0023915,19720.4962688,21053.9474686,32371.9905573,38352.8504573,88561.739833,124425.7410962,89832.7534636,100.0,0.0,12.18,9.25,16.43,22.57,9.35,30.23,538443.0000002,0.0,65593.5521393,49779.7292114,88447.0547011,121512.4792212,50341.3443521,162768.8403751,True,False,False,False,False,False,False,False,False,True,False,True,False,False,66.67
Vermont,258824.0000003,22925051454.95,88573.9,46.69,623089309.72,2407.39,1.27,VT,3.3,0.0,1.76,3.05,2.14,3.42,3.62,4.89,4.61,3.76,8.13,10.75,16.02,13.35,12.85,8.36,8542.73199775,0.0,4548.84658154,7882.8824297,5526.64856342,8848.524913,9357.22267915,12661.13081927,11944.01697216,9723.79753356,21054.83635472,27823.21672866,41452.49724838,34547.21262975,33266.74702067,21643.68752857,99.29,0.71,9.6,9.9,17.27,15.69,16.8,30.05,256990.5142975,1833.4857028,24836.93489847,25619.58015853,44688.52059186,40599.27752698,43472.2662172,77773.93490446,True,False,False,False,False,False,False,True,False,False,False,True,False,False,33.33
Massachusetts,2713777.9999996,237961485403.66,87686.42,47.3,6658119944.08,2453.45,1.32,MA,3.45,1.09,1.05,3.53,2.42,1.97,2.01,1.45,3.62,3.77,7.4,7.35,9.07,13.98,16.43,21.43,93534.6195192,29482.4728333,28364.4926069,95675.0102918,65680.0183506,53568.2817374,54430.5495247,39407.3726534,98217.4342494,102296.5623091,200841.8610698,199378.7320581,246038.5073523,379371.9834326,445933.5578601,581556.5441509,99.62,0.38,8.94,10.04,18.66,19.11,11.3,31.57,2703455.0695731,10322.9304265,242481.9400579,272483.1730766,506430.6729834,518514.1008656,306714.6298962,856830.5526934,True,False,False,False,False,False,False,False,True,False,False,True,False,False,66.67
Connecticut,1381897.0000001,126952598535.95,91868.35,45.54,3879893291.37,2807.66,1.39,CT,4.01,1.15,1.02,1.1,4.71,3.91,6.11,4.5,3.76,3.77,6.25,5.49,10.83,11.33,13.09,18.97,55446.2366442,15880.5744516,14123.4073205,15163.1786913,65039.0112085,54098.5917765,84428.3136129,62127.7286549,52015.8782292,52070.2932444,86395.9393796,75894.6489136,149715.0561685,156516.3026992,180865.7351837,262116.1038215,100.0,0.0,10.21,11.23,17.64,18.75,12.54,29.63,1381897.0000001,0.0,141044.0496438,155226.2962502,243719.6633379,259134.7515263,173264.9325572,409507.3066847,True,False,False,False,False,False,False,False,True,False,False,True,False,False,50.0
Rhode Island,418688.99999965,41040910365.13,98022.42,52.59,1095815271.23,2617.25,1.4,RI,6.48,2.8,4.37,1.35,1.87,2.64,3.93,2.67,2.94,3.82,7.67,6.69,8.93,12.47,16.58,14.78,27147.8621236,11728.3425912,18292.7648726,5640.1146357,7835.0343737,11041.1929326,16458.3792665,11173.5233827,12323.7192794,15978.347208,32132.0438673,28031.2284821,37381.2030662,52214.4353325,69420.39254285,61890.4160427,99.54,0.46,12.04,11.04,16.44,16.61,12.89,30.51,416770.53373575,1918.4662639,50406.4934542,46242.9215163,68851.1068066,69538.7073042,53969.20552845,127762.099126,True,False,False,False,False,False,False,True,False,False,False,True,False,False,50.0
Hawaii,474377.99999987,14367092261.58,30286.17,20.85,976104386.25,2057.65,1.42,HI,3.0,1.51,0.55,2.67,1.06,2.46,3.85,3.19,4.03,2.85,5.94,9.53,13.99,11.58,16.1,17.71,14211.8148644,7161.7299173,2589.6341031,12645.9743963,5038.0692369,11666.607324,18280.300065,15156.0291124,19097.3134336,13509.09166132,28167.5784748,45185.20486823,66386.65645605,54928.75636474,76357.00313683,83996.2365849,5.78,94.22,0.64,1.08,1.65,0.71,0.28,1.42,27432.42000322,446945.57999665,3038.7579137,5128.2156019,7824.19810102,3365.1738244,1333.0209786,6743.0535836,False,False,True,False,False,False,False,False,True,False,False,False,False,True,50.0
New York,7521119.9999968,619349119646.56,82347.99,51.0,17446927554.5,2319.72,1.44,NY,4.07,0.8,1.54,2.84,1.49,3.66,4.66,3.61,3.86,3.48,5.19,7.25,10.85,11.81,14.96,19.94,305860.4180531,60190.6016707,116147.2668628,213531.0132341,111998.9275977,275036.1906337,350190.0897597,271640.56723,290366.8330216,261554.3013322,390023.6497387,545384.9107124,816197.4715087,888594.9606218,1124980.1599863,1499422.6380333,98.9,1.1,5.85,10.39,17.13,18.7,13.98,32.84,7438707.9718114,82412.0281854,440285.3873943,781441.8608511,1288731.0744194,1406510.1316039,1051634.8342757,2470104.683267,True,False,False,False,False,False,False,False,True,False,False,True,False,False,50.0
Alaska,257192.99999983,32183188694.78,125132.44,71.04,776323325.8,3018.45,1.71,AK,2.44,1.56,2.34,1.34,3.36,2.14,4.17,4.3,4.49,4.36,6.56,6.95,9.57,13.56,18.11,14.75,6263.76279522,4009.32546929,6023.8594702,3456.30840709,8635.88932771,5506.80585856,10730.0947113,11060.51957581,11544.27439239,11220.45461461,16881.13190388,17870.66526419,24621.59742025,34871.55383539,46567.45114104,37929.3058129,98.97,1.03,9.36,9.36,26.05,22.09,15.53,16.58,254534.73385614,2658.26614369,24081.92335839,24064.88978518,66990.23560186,56818.40683442,39936.40124654,42642.87702975,False,False,False,False,False,False,True,False,True,False,False,False,False,True,16.67
